name,time,range
Gol/512x512x1000-1-16,9.986329913,∞
Gol/512x512x1000-2-16,6.649238573000001,∞
Gol/512x512x1000-4-16,4.326599895,∞
geomean,6.598443770841451
