name,time,range
Gol/512x512x1000-1-16,137.213133406,∞
Gol/512x512x1000-2-16,142.525107956,∞
Gol/512x512x1000-4-16,149.32158762100002,∞
geomean,142.93433094853364
